date,category,sales
2024-01-18,Hardware,84200
2024-02-12,Hardware,79800
2024-04-09,Hardware,91500
2024-05-21,Hardware,88100
2024-07-15,Hardware,96300
2024-08-27,Hardware,102400
2024-10-11,Hardware,108900
2024-11-19,Hardware,114700
2024-01-25,Software,62100
2024-02-28,Software,68400
2024-04-16,Software,71900
2024-05-30,Software,77200
2024-07-22,Software,83600
2024-08-14,Software,89100
2024-10-03,Software,94800
2024-11-26,Software,101300
2024-01-09,Services,38700
2024-02-20,Services,41200
2024-04-24,Services,44600
2024-05-08,Services,47300
2024-07-02,Services,50900
2024-08-06,Services,53400
2024-10-29,Services,57800
2024-11-05,Services,61200
